{
  "name": "angular-sanitize",
  "version": "1.6.1",
  "license": "MIT",
  "main": "./angular-sanitize.js",
  "ignore": [],
  "dependencies": {
    "angular": "1.6.1"
  },
  "homepage": "https://github.com/angular/bower-angular-sanitize",
  "_release": "1.6.1",
  "_resolution": {
    "type": "version",
    "tag": "v1.6.1",
    "commit": "4ca638073916d43ad3737eb9d84b9021e5bb5efb"
  },
  "_source": "https://github.com/angular/bower-angular-sanitize.git",
  "_target": "~1.6.1",
  "_originalSource": "angular-sanitize"
}