{
  "name": "checklist-model",
  "version": "0.9.0",
  "description": "AngularJS directive for list of checkboxes",
  "author": "https://github.com/vitalets",
  "license": "MIT",
  "homepage": "http://vitalets.github.io/checklist-model",
  "main": "checklist-model.js",
  "ignore": [
    "**/.*",
    "node_modules",
    "docs",
    "Gruntfile.js",
    "index.html",
    "package.json"
  ],
  "dependencies": {
    "angular": ">=1.0.8"
  },
  "devDependencies": {},
  "_release": "0.9.0",
  "_resolution": {
    "type": "version",
    "tag": "0.9.0",
    "commit": "990450e20f72b5ecdf8e79d19bb1d26d84e4086e"
  },
  "_source": "https://github.com/vitalets/checklist-model.git",
  "_target": "~0.9.0",
  "_originalSource": "checklist-model"
}